111,959,1,2013-01-17 00:00:10,2602,An event for you,21,1-613-282-9393
112,959,1,2013-01-17 00:00:38,2602,An event for you,2,1-613-282-9393
113,960,1,2013-01-17 00:00:40,2602,An event for you,1,1-613-282-9393
114,960,1,2013-01-17 00:00:01,2602,An event for you,23,1-613-282-9393
115,961,1,2013-01-17 00:00:27,2602,An event for you,33,1-613-282-9393
116,961,1,2013-01-17 00:00:39,2602,An event for you,2,1-613-282-9393
117,962,1,2013-01-17 00:00:20,2602,An event for you,7,1-613-282-9393
118,962,1,2013-01-17 00:00:53,2602,An event for you,9,1-613-282-9393
119,963,1,2013-01-17 00:00:00,2602,An event for you,6,1-613-282-9393
120,964,1,2013-01-17 00:00:16,2602,An event for you,21,1-613-282-9393
121,964,1,2013-01-17 00:00:04,2602,An event for you,32,1-613-282-9393
122,964,1,2013-01-17 00:00:18,2602,An event for you,2,1-613-282-9393
123,964,1,2013-01-17 00:00:27,2602,An event for you,4,1-613-282-9393
124,964,1,2013-01-17 00:00:30,2602,An event for you,5,1-613-282-9393
125,965,1,2013-01-17 00:00:49,2602,An event for you,21,1-613-282-9393
126,965,1,2013-01-17 00:00:10,2602,An event for you,18,1-613-282-9393
